insert into APPLICANTS
VALUES ('bigshooter69','1055671289','Big Shooter III','17786549855','lildicky69','bigshooterthethird@gmail.com','911 East Hastings, Vancouver BC');

insert into APPLICANTS
VALUES ('dan','6812059755','Leslie Pall','15824569550','d4n','leslie.pall@yahoo.ca','Apt. 008 Holt Road, Iqaluit NU');

insert into APPLICANTS
VALUES ('xxxSN1P3Rxxx','3720057855','Bob Till-Smith','10854599340','00zerozer0','bob.till-smith@live.ca','Block 099 Apt. 7 Rio Road, Fir MB');

insert into APPLICANTS
VALUES ('ana1','3059521442','Ana One','16085545264','anal9','ana1@shaw.ca','1080 Block 60, Janissary ON');	

insert into APPLICANTS
VALUES ('BeckySwift','5280014963','Taylor Swift','18542586453','becky000','b3cky-t4ylor.SWIFT@gmail.com','5289 Horton Avenue, Brie SK');

insert into APPLICANTS
VALUES ('Alan.Wright','2205485512','Darnell Jones','19021090210','1lanlan1','ALANwright@outlook.com','6102 Jack-Sill Street, Dam BC');

insert into APPLICANTS
VALUES ('debbie-downer','1036987512','Debbie Downer','18653470001','jaybass','deb.1990@gmail.com','90 Rutter Road, Yoho AB');


insert into SKILLS
VALUES ('auditing');

insert into SKILLS
VALUES ('baristaing');

insert into SKILLS
VALUES ('cooking');

insert into SKILLS
VALUES ('driving');

insert into SKILLS
VALUES ('euthanizing');

insert into SKILLS
VALUES ('flying');

insert into SKILLS
VALUES ('goodlooking');


insert into COMPANIES
VALUES ('509000','WellMart');

insert into COMPANIES
VALUES ('107000','StairBacks');

insert into COMPANIES
VALUES ('404000','McDolans');

insert into COMPANIES
VALUES ('666000','KKKFC');

insert into COMPANIES
VALUES ('120000','MacroHard');

insert into COMPANIES
VALUES ('697000','HornPub');

insert into COMPANIES
VALUES ('711000','Steven11');


insert into COMPANY_LOCATIONS
VALUES ('5090010','509000','802 Reston Road, Golden BC');

insert into COMPANY_LOCATIONS
VALUES ('1070004','107000','100 Barclay Avenue, Saanich BC');

insert into COMPANY_LOCATIONS
VALUES ('4040303','404000','4409 Main Street, Dildo MB');

insert into COMPANY_LOCATIONS
VALUES ('6660018','666000','Block 2 Lynch Road, Roon NWT');

insert into COMPANY_LOCATIONS
VALUES ('1200819','120000','3560 Abbey Street, Abbey SK');

insert into COMPANY_LOCATIONS
VALUES ('6970501','697000','7111 Rose Street, High River AB');

insert into COMPANY_LOCATIONS
VALUES ('7110420','711000','711 Main Street, Jacobstown NU');


insert into INTERVIEWS
VALUES ('145666897','n',TO_DATE('2015-Nov-11','YYYY/MON/DD'),'17:00:00','700 Eeston Road, Golden BC');

insert into INTERVIEWS
VALUES ('688345351','n',TO_DATE('2015-Jan-30','YYYY/MON/DD'),'17:00:00','100 Daniel Road, Saanich BC');	

insert into INTERVIEWS
VALUES ('348659843','n',TO_DATE('2015-Feb-28','YYYY/MON/DD'),'12:30:00','901 Block 801, Sanchez MB');

insert into INTERVIEWS
VALUES ('168346545','n',TO_DATE('2015-Jan-01','YYYY/MON/DD'),'23:59:59','Apt. 40 CC Street, Roon NWT');

insert into INTERVIEWS
VALUES ('834764533','n',TO_DATE('2015-Jan-10','YYYY/MON/DD'),'01:00:01','3560 Abbey Street, Abbey SK');

insert into INTERVIEWS
VALUES ('999654220','n',TO_DATE('2015-Sep-20','YYYY/MON/DD'),'07:07:07','1090 Lily Street, Low River AB');

insert into INTERVIEWS
VALUES ('100256333','n',TO_DATE('2015-May-05','YYYY/MON/DD'),'05:59:50','Block 09 2nd Street, Donston NU');


insert into EMPLOYER_RUNS
VALUES ('w3llm4rt','2783451043','Alyssa Evans','19027256243','ripoff','alyssa-evans@walmart.com','Bernhard Complex Apt. 2, Erie ON','5090010','509000');

insert into EMPLOYER_RUNS
VALUES ('st41rb4cks','6092345789','Ellie Jameson','12038967347','n0trealc0ffee','hotsugarmama@blenz.us','1031-44 Kildare St., Inuvik NU','1070004','107000');

insert into EMPLOYER_RUNS
VALUES ('mcd0l4ns','1298472036','Connor McDolan','12043754302','food4thought','connormcdick@wow.com','84152 House 3-02 Lyre St. Elm MB','4040303','404000');

insert into EMPLOYER_RUNS
VALUES ('kkkfc','2634576899','Private Sanders','18943689411','imawesome1','sandersPFC@yahoo.us','901020 Hill Avenue, Vancouver BC','6660018','666000');

insert into EMPLOYER_RUNS
VALUES ('m4cr0h4rd','1637868979','Gill Bates','18946355666','password1','bates.gill.1974@macrohard.com','9864 Quebec Street, Quebec QC','1200819','120000');

insert into EMPLOYER_RUNS
VALUES ('h0rnbpub','1344898700','Katie Jones','19846531366','vp89u9go3','katie@hornpub.com','4871 West Main, Grain SK','6970501','697000');

insert into EMPLOYER_RUNS
VALUES ('st3v3n11','6763451179','Daquesha XIII','15398465153','password2','daquezha3@gmail.com','10-29 Eagle Crest, Superior ON','7110420','711000');


insert into JOB_POSTINGS
VALUES ('10930082','w3llm4rt','Thankless, soulsucking 9-5 job from hell.',TO_DATE('2015-Jan-12','YYYY/MON/DD'),'Retail','20.00');

insert into JOB_POSTINGS
VALUES ('20008932','st41rb4cks','Barista. 4-hour shifts. 15 minute breaks.',TO_DATE('2015-Jan-05','YYYY/MON/DD'),'Customer Service','15.00');

insert into JOB_POSTINGS
VALUES ('21202503','mcd0l4ns','Minimum wage slaves wanted.',TO_DATE('2014-Dec-25','YYYY/MON/DD'),'Customer Service','14.00');

insert into JOB_POSTINGS
VALUES ('55906040','kkkfc','Back-breaking slave-like labour with no breaks.',TO_DATE('2014-Jul-15','YYYY/MON/DD'),'Manual Labour','0.00');

insert into JOB_POSTINGS
VALUES ('60303802','m4cr0h4rd','Back-breaking slave-like labour with breaks.',TO_DATE('2015-Jan-09','YYYY/MON/DD'),'Manual Labour','100.50');

insert into JOB_POSTINGS
VALUES ('10020550','h0rnbpub','Looking for an experienced QA applicant.',TO_DATE('2015-Feb-01','YYYY/MON/DD'),'Management','30000.00');

insert into JOB_POSTINGS
VALUES ('40680202','st3v3n11','Retail Servant.',TO_DATE('2014-Jan-30','YYYY/MON/DD'),'Retail','14.25');


insert into JOB_OFFERS
VALUES ('w3llm4rt','bigshooter69','10930082');

insert into JOB_OFFERS
VALUES ('st41rb4cks','dan','20008932');

insert into JOB_OFFERS
VALUES ('mcd0l4ns','xxxSN1P3Rxxx','21202503');

insert into JOB_OFFERS
VALUES ('kkkfc','ana1','55906040');

insert into JOB_OFFERS
VALUES ('m4cr0h4rd','BeckySwift','60303802');

insert into JOB_OFFERS
VALUES ('h0rnbpub','Alan.Wright','10020550');

insert into JOB_OFFERS
VALUES ('st3v3n11','debbie-downer','40680202');


insert into JOB_REQUIRES_SKILLS
VALUES ('10930082','auditing','1');

insert into JOB_REQUIRES_SKILLS
VALUES ('20008932','baristaing','2');

insert into JOB_REQUIRES_SKILLS
VALUES ('21202503','cooking','3');

insert into JOB_REQUIRES_SKILLS
VALUES ('55906040','driving','4');

insert into JOB_REQUIRES_SKILLS
VALUES ('60303802','euthanizing','5');

insert into JOB_REQUIRES_SKILLS
VALUES ('10020550','flying','6');

insert into JOB_REQUIRES_SKILLS
VALUES ('40680202','goodlooking','7');


insert into APPLICANT_HAS_SKILLS
VALUES ('bigshooter69','auditing','0');

insert into APPLICANT_HAS_SKILLS
VALUES ('dan','baristaing','9');

insert into APPLICANT_HAS_SKILLS
VALUES ('xxxSN1P3Rxxx','cooking','10');

insert into APPLICANT_HAS_SKILLS
VALUES ('ana1','driving','7');

insert into APPLICANT_HAS_SKILLS
VALUES ('BeckySwift','euthanizing','5');

insert into APPLICANT_HAS_SKILLS
VALUES ('Alan.Wright','flying','6');

insert into APPLICANT_HAS_SKILLS
VALUES ('debbie-downer','goodlooking','1');


insert into APPLY
VALUES ('bigshooter69','10930082','145666897');

insert into APPLY
VALUES ('dan','20008932','688345351');

insert into APPLY
VALUES ('xxxSN1P3Rxxx','21202503','348659843');

insert into APPLY
VALUES ('ana1','55906040','168346545');

insert into APPLY
VALUES ('BeckySwift','60303802','834764533');

insert into APPLY
VALUES ('Alan.Wright','10020550','999654220');

insert into APPLY
VALUES ('debbie-downer','40680202','100256333');


